Fecha,F. Fiscal,Documento,Proveedor,Tipo,Producto/Servicio,Descripción del Producto,Centro de Costo,Observaciones,Moneda,Cantidad,Precio,Descuento,Importe Mon. Transacción,Importe Mon. Ppal.
15/7/2021,15/7/2021,A-0001-00017895,Rannochia S.R.L,Factura,Impresora Multifuncion ,,,,Pesos Argentinos,4,6010,0,24040,24040
13/7/2021,13/7/2021,A-0089-00445125,Transportes Jorgito S.A.,Factura,Fletes Contratados 21%,,,,Pesos Argentinos,1,55000,0,55000,55000
8/7/2021,8/7/2021,A-0001-00000175,Dunas S.A.,Factura,Marketing y Publicidad,,,,Pesos Argentinos,1,6000,0,6000,6000
2/7/2021,2/7/2021,C-0002-00000147,Ignacio Gimenez,Factura,Honorarios,,,,Pesos Argentinos,1,32000,0,32000,32000
22/6/2021,22/6/2021,A-0002-00000555,Estrada S.A.,Factura,Televisor Led Samsung 32  Hd Con Soporte Y Control,,,,Pesos Argentinos,5,15000,0,75000,75000
22/6/2021,22/6/2021,A-0002-00000555,Estrada S.A.,Factura,Insumos de Oficina 21%,,,,Pesos Argentinos,3,1000,0,3000,3000
11/6/2021,11/6/2021,C-0030-00001479,Jose Torrente,Factura,Honorarios abogados,,,,Pesos Argentinos,1,30000,0,30000,30000
2/6/2021,2/6/2021,A-0001-00000101,Dunas S.A.,Factura,Marketing y Publicidad,,,,Pesos Argentinos,1,6000,0,6000,6000
12/5/2021,12/5/2021,C-0030-00001477,Jose Torrente,Factura,Honorarios abogados,,,,Pesos Argentinos,1,30000,0,30000,30000
10/5/2021,10/5/2021,A-0001-00006447,Fuxer S.R.L,Factura,Insumos oficina,,,,Pesos Argentinos,12,1000,0,12000,12000
3/5/2021,3/5/2021,A-0001-00017555,Crater S.R.L,Factura,Televisor Led Samsung 32  Hd Con Soporte Y Control,,,,Pesos Argentinos,5,15000,0,75000,75000
19/4/2021,19/4/2021,C-0003-00002685,Palacios y Asociados,Factura,Honorarios abogados,,,,Pesos Argentinos,1,5500,0,5500,5500
5/4/2021,5/4/2021,A-0001-00000147,Dunas S.A.,Factura,Parlantes para PC,,,,Pesos Argentinos,5,3500,0,17500,17500
5/4/2021,5/4/2021,A-0001-00000147,Dunas S.A.,Factura,Teclado,,,,Pesos Argentinos,5,2000,0,10000,10000
5/4/2021,5/4/2021,A-0001-00000147,Dunas S.A.,Factura,Modem Router,,,,Pesos Argentinos,3,1500,0,4500,4500
2/4/2021,2/4/2021,A-0001-00016458,Rannochia S.R.L,Factura,Impresora Multifuncion ,,,,Pesos Argentinos,8,6010,0,48080,48080
17/3/2021,17/3/2021,A-0002-00000003,Argula S.A.,Factura,Materia Prima Importada,,Depósito,,Pesos Argentinos,2,3000,0,6000,6000
17/3/2021,17/3/2021,A-0002-00000004,Altos del Sur S.H.,Factura,Marketing y Publicidad,,Finanzas,,Pesos Argentinos,1,5000,0,5000,5000
18/2/2021,18/2/2021,A-0001-00015152,Crater S.R.L,Factura,Monitor LED,,,,Pesos Argentinos,10,15000,0,150000,150000
11/2/2021,11/2/2021,A-0001-00005642,Fuxer S.R.L,Factura,Parlantes para PC,,,,Pesos Argentinos,15,500,0,7500,7500
2/2/2021,2/2/2021,A-0001-00000564,Estrada S.A.,Factura,Honorarios,,,,Pesos Argentinos,1,15000,0,15000,15000
15/1/2021,15/1/2021,A-0001-00000056,Crater S.R.L,Factura,Cable RGB para video,,,,Pesos Argentinos,50,300,0,15000,15000
15/1/2021,15/1/2021,A-0001-00000056,Crater S.R.L,Factura,Control Remoto,,,,Pesos Argentinos,35,120,0,4200,4200
9/1/2021,9/1/2021,A-0001-00000025,Dunas S.A.,Factura,Monitor LED,,,,Pesos Argentinos,10,15000,0,150000,150000
9/1/2021,9/1/2021,A-0001-00000025,Dunas S.A.,Factura,Muebles de Oficina,,,,Pesos Argentinos,13,1500,0,19500,19500
9/1/2021,9/1/2021,A-0001-00000025,Dunas S.A.,Factura,Mouse,,,,Pesos Argentinos,20,230,0,4600,4600
23/12/2020,23/12/2020,A-0001-00000023,Argula S.A.,Factura,Teclado,,,,Pesos Argentinos,20,4000,0,80000,80000
16/11/2020,16/11/2020,A-0002-00000056,Altos del Sur S.H.,Factura,Televisor Led Samsung 32  Hd Con Soporte Y Control,,,,Pesos Argentinos,3,55000,0,165000,165000
20/10/2020,20/10/2020,A-0003-00000012,Fuxer S.R.L,Factura,Control Remoto,,,,Pesos Argentinos,10,5000,0,50000,50000
17/4/2020,17/4/2020,A-0005-65656651,Altos del Sur S.H.,Factura,Cable RGB para video,,,,Pesos Argentinos,100,100,0,10000,10000
15/4/2020,15/4/2020,A-0032-13132156,Altos del Sur S.H.,Factura,Cable RGB para video,,,,Pesos Argentinos,50,100,0,5000,5000
21/3/2020,21/3/2020,A-0821-00051325,TelMax,Factura,Telefonia Celular,,Administración,,Pesos Argentinos,1,23200,0,23200,23200
21/3/2020,21/3/2020,A-0821-00051325,TelMax,Factura,Telefonia Celular,,Depósito,,Pesos Argentinos,1,10035,0,10035,10035
21/3/2020,21/3/2020,A-0821-00051325,TelMax,Factura,Telefonia Celular,,Logística,,Pesos Argentinos,1,9850,0,9850,9850
12/3/2020,12/3/2020,A-0010-00051668,Transportes Jorgito S.A.,Factura,Fletes Contratados 21%,,Logística,,Pesos Argentinos,1,72000,0,72000,72000
10/3/2020,10/3/2020,A-0005-00005138,Fuxer S.R.L,Factura,Insumos de Oficina 21%,,Administración,,Pesos Argentinos,20,13588,0,271760,271760
27/2/2020,27/2/2020,A-0015-00051688,Ledesma S.A.I.C,Factura,Servicios de Correo Internacional,,Administración,,Pesos Argentinos,1,89350,0,89350,89350
26/2/2020,26/2/2020,A-0001-00059690,Jonamex S.A.,Factura,Modem Router,,Depósito,,Pesos Argentinos,75,1300,0,97500,97500
22/2/2020,22/2/2020,A-0010-00055869,Hipermax S.A.,Factura,Productos Terminados,,Depósito,,Pesos Argentinos,15,6900,0,103500,103500
15/2/2020,15/2/2020,A-0001-00015003,Rannochia S.R.L,Factura,Impresora Multifuncion ,,Depósito,,Pesos Argentinos,10,"5035,75",0,"50357,5","50357,5"
8/2/2020,8/2/2020,A-0030-00000589,Jose Torrente,Factura,Marketing y Publicidad,,Administración,,Pesos Argentinos,1,73200,0,73200,73200
2/2/2020,2/2/2020,A-0011-00046882,Transportes Jorgito S.A.,Factura,Fletes Contratados 21%,,Logística,,Pesos Argentinos,1,55325,0,55325,55325
2/2/2020,2/2/2020,A-0011-00046882,Transportes Jorgito S.A.,Factura,Fletes Contratados 21%,,Depósito,,Pesos Argentinos,1,33250,0,33250,33250
15/1/2020,15/1/2020,A-0013-00589630,Rannochia S.R.L,Factura,PC,,Administración,,Pesos Argentinos,12,29550,0,354600,354600
7/1/2020,7/1/2020,A-0023-00000556,Crater S.R.L,Factura,Cable RGB para video,,Depósito,,Pesos Argentinos,40,"1059,3",0,42372,42372
3/1/2020,3/1/2020,A-1003-00015188,TelMax,Factura,Telefonia Celular,,Administración,,Pesos Argentinos,1,32550,0,32550,32550
3/1/2020,3/1/2020,A-1003-00015188,TelMax,Factura,Telefonia Celular,,Depósito,,Pesos Argentinos,1,"28703,88",0,"28703,88","28703,88"
3/1/2020,3/1/2020,A-1003-00015188,TelMax,Factura,Telefonia Celular,,Logística,,Pesos Argentinos,1,"10031,8",0,"10031,8","10031,8"
25/12/2019,25/12/2019,A-0002-00213500,Transportes Jorgito S.A.,Factura,Fletes Contratados 21%,,Logística,,Pesos Argentinos,1,70320,0,70320,70320
25/12/2019,25/12/2019,A-0002-00213500,Transportes Jorgito S.A.,Factura,Gastos Varios 21%,,Administración,,Pesos Argentinos,1,13100,0,13100,13100
20/12/2019,20/12/2019,A-0021-00015318,Vixen S.A.,Factura,Honorarios abogados,,Finanzas,,Pesos Argentinos,1,52535,0,52535,52535
12/12/2019,12/12/2019,A-1001-00021500,Gonzalez y Asociados SA,Factura,Productos Terminados,,Depósito,,Pesos Argentinos,20,11099,0,221980,221980
10/12/2019,10/12/2019,A-2086-01503153,Teléfonos S.A.,Factura,Telefonia Celular,,Depósito,,Pesos Argentinos,1,30558,0,30558,30558
10/12/2019,10/12/2019,A-2086-01503153,Teléfonos S.A.,Factura,Telefonia Celular,,Administración,,Pesos Argentinos,1,27668,0,27668,27668
10/12/2019,10/12/2019,A-2086-01503153,Teléfonos S.A.,Factura,Telefonia Celular,,Logística,,Pesos Argentinos,1,13588,0,13588,13588
27/11/2019,27/11/2019,A-0003-00000158,Dunas S.A.,Factura,Honorarios Profesionales 21%,,Finanzas,,Pesos Argentinos,1,104300,0,104300,104300
22/11/2019,22/11/2019,A-0007-00015202,Transportes Jorgito S.A.,Factura,Fletes Contratados 21%,,Depósito,,Pesos Argentinos,1,110550,0,110550,110550
11/11/2019,11/11/2019,A-0002-00001403,Crater S.R.L,Factura,Marketing y Publicidad,,Administración,,Pesos Argentinos,1,78900,0,78900,78900
11/11/2019,11/11/2019,A-0002-00001403,Crater S.R.L,Factura,Servicios de Correo Internacional,,Ventas A1,,Pesos Argentinos,1,37222,0,37222,37222
2/11/2019,2/11/2019,A-0005-05005513,Estrada S.A.,Factura,Materia Prima Importada,,,,Pesos Argentinos,15,3750,0,56250,56250
2/11/2019,2/11/2019,A-0005-05005513,Estrada S.A.,Factura,Diarios y Revistas,,Depósito,,Pesos Argentinos,100,87,0,8700,8700
27/10/2019,27/10/2019,A-0022-00069948,Estrada S.A.,Factura,Insumos de Oficina 21%,,Administración,,Pesos Argentinos,1,35852,0,35852,35852
27/10/2019,27/10/2019,A-0022-00069948,Estrada S.A.,Factura,Insumos de Oficina No Gravados,,Administración,,Pesos Argentinos,1,7200,0,7200,7200
11/10/2019,11/10/2019,A-0002-00005468,Transportes Jorgito S.A.,Factura,Fletes Contratados 21%,,Logística,,Pesos Argentinos,1,72100,0,72100,72100
9/10/2019,9/10/2019,A-0005-00001255,Palacios y Asociados,Factura,Impresora Multifuncion ,,,,Pesos Argentinos,20,4500,0,90000,90000
3/10/2019,3/10/2019,A-0015-00015884,Vixen S.A.,Factura,Televisor Led Samsung 32  Hd Con Soporte Y Control,,,,Pesos Argentinos,4,39580,0,158320,158320
30/9/2019,30/9/2019,A-0056-00505020,Jonamex S.A.,Factura,Impresora Multifuncion ,,,,Pesos Argentinos,3,3700,0,11100,11100
24/9/2019,24/9/2019,A-0002-00558033,Worken SRL,Factura,Consultoria,,,,Pesos Argentinos,1,47000,0,47000,47000
17/9/2019,17/9/2019,A-1006-00065423,Estrada S.A.,Factura,Televisor Led Samsung 32  Hd Con Soporte Y Control,,,,Pesos Argentinos,10,"10200,75",0,"102007,5","102007,5"
2/9/2019,2/9/2019,A-0055-00000151,Rannochia S.R.L,Factura,Productos Terminados,,,,Pesos Argentinos,45,2189,0,98505,98505
30/8/2019,30/8/2019,A-0020-00000448,Rannochia S.R.L,Factura,Proveedor de Servicios Freelance,,,,Pesos Argentinos,1,10500,0,10500,10500
26/8/2019,26/8/2019,A-0009-00001655,Worken SRL,Factura,Marketing y Publicidad,,,,Pesos Argentinos,1,30759,0,30759,30759
25/8/2019,25/8/2019,A-1055-00081005,Mirvan S.A.,Factura,Mouse,,,,Pesos Argentinos,15,725,0,10875,10875
12/8/2019,12/8/2019,A-0003-00005339,Kasiu S.A.,Factura,Productos Terminados,,,,Pesos Argentinos,6,3958,0,23748,23748
5/8/2019,5/8/2019,A-0038-00005187,Jonamex S.A.,Factura,Televisor Led Samsung 32  Hd Con Soporte Y Control,,,,Pesos Argentinos,10,16980,0,169800,169800
26/7/2019,26/7/2019,A-0300-00065059,Vixen S.A.,Factura,Televisor Led Samsung 32  Hd Con Soporte Y Control,,,,Pesos Argentinos,10,"8900,6",0,89006,89006
18/7/2019,18/7/2019,A-0002-00001255,Rannochia S.R.L,Factura,Mercadería,,,,Pesos Argentinos,22,"3750,69",0,"82515,18","82515,18"
12/7/2019,12/7/2019,A-1009-00000012,Ledesma S.A.I.C,Factura,Monitor LED,,,,Pesos Argentinos,37,2990,0,110630,110630
3/7/2019,3/7/2019,A-0103-00001355,Worken SRL,Factura,Productos Terminados,,,,Pesos Argentinos,20,2300,0,46000,46000
22/6/2019,22/6/2019,A-0003-00015062,Ledesma S.A.I.C,Factura,Monitor LED,,,,Pesos Argentinos,13,9600,0,124800,124800
15/6/2019,15/6/2019,A-0123-11055992,Rannochia S.R.L,Factura,Servicios de Internet,,,,Pesos Argentinos,1,27000,0,27000,27000
15/6/2019,15/6/2019,A-0123-11055992,Rannochia S.R.L,Factura,Proveedor de Servicios Freelance,,,,Pesos Argentinos,10,1705,0,17050,17050
11/6/2019,11/6/2019,A-0003-00155823,Dunas S.A.,Factura,Control Remoto,,,,Pesos Argentinos,10,610,0,6100,6100
11/6/2019,11/6/2019,A-0003-00155823,Dunas S.A.,Factura,Insumos Administrativos,,,,Pesos Argentinos,6,700,0,4200,4200
2/6/2019,2/6/2019,A-0010-00002055,Vixen S.A.,Factura,Productos Terminados,,,,Pesos Argentinos,12,5785,0,69420,69420
17/5/2019,17/5/2019,A-1032-00469907,Vixen S.A.,Factura,Materia Prima Importada,,,,Pesos Argentinos,25,2399,0,59975,59975
13/5/2019,13/5/2019,A-0005-00016520,Rannochia S.R.L,Factura,Televisor Led Samsung 32  Hd Con Soporte Y Control,,,,Pesos Argentinos,15,12500,0,187500,187500
9/5/2019,9/5/2019,A-0009-00055192,Ledesma S.A.I.C,Factura,Servicios de Internet,,,,Pesos Argentinos,1,12955,0,12955,12955
8/5/2019,8/5/2019,A-0005-00003152,Dunas S.A.,Factura,Control Remoto,,,,Pesos Argentinos,25,620,0,15500,15500
27/4/2019,27/4/2019,A-0880-00066101,Palacios y Asociados,Factura,Modem Router,,,,Pesos Argentinos,20,1005,0,20100,20100
22/4/2019,22/4/2019,A-0003-00001150,Mirvan S.A.,Factura,Telefonia Celular,,,,Pesos Argentinos,1,5500,0,5500,5500
17/4/2019,17/4/2019,A-1003-00016668,Rannochia S.R.L,Factura,Parlantes para PC,,,,Pesos Argentinos,15,1235,0,18525,18525
11/4/2019,11/4/2019,A-0050-00055809,Jonamex S.A.,Factura,Teclado,,,,Pesos Argentinos,120,595,0,71400,71400
5/4/2019,5/4/2019,C-0001-00004558,Lidia Norma Marano,Factura,Honorarios abogados,,,,Pesos Argentinos,1,27000,0,27000,27000
2/4/2019,2/4/2019,A-0012-00015220,Vixen S.A.,Factura,Monitores,,,,Pesos Argentinos,15,935,0,14025,14025
19/3/2019,19/3/2019,C-0003-00000011,Ignacio Gimenez,Factura,Honorarios,,,,Pesos Argentinos,1,6980,0,6980,6980
8/3/2019,8/3/2019,A-0001-00000155,Crater S.R.L,Factura,Materia Prima Importada,,,,Pesos Argentinos,20,7890,0,157800,157800
2/3/2019,2/3/2019,A-0020-00064852,Rannochia S.R.L,Factura,Mercadería,,,,Pesos Argentinos,10,5633,0,56330,56330
28/2/2019,28/2/2019,A-0103-00009570,Rannochia S.R.L,Factura,Honorarios abogados,,,,Pesos Argentinos,1,27600,0,27600,27600
21/2/2019,21/2/2019,A-0010-00031588,Kasiu S.A.,Factura,Productos Terminados,,,,Pesos Argentinos,10,3100,0,31000,31000
21/2/2019,21/2/2019,A-0010-00031588,Kasiu S.A.,Factura,Marketing y Publicidad,,,,Pesos Argentinos,1,7500,0,7500,7500
10/2/2019,10/2/2019,A-0003-00000011,Estrada S.A.,Factura,Monitor OLED,,,,Pesos Argentinos,20,1350,0,27000,27000
1/2/2019,1/2/2019,A-0011-00015586,Gonzalez y Asociados SA,Factura,Monitor LED,,,,Pesos Argentinos,18,1205,0,21690,21690
31/1/2019,31/1/2019,A-0106-12250014,Mirvan S.A.,Factura,Muebles de Oficina,,,,Pesos Argentinos,8,1680,0,13440,13440
22/1/2019,22/1/2019,A-0103-00001157,Crater S.R.L,Factura,Honorarios,,,,Pesos Argentinos,1,5600,0,5600,5600
13/1/2019,13/1/2019,A-0009-00015229,Bahia S.A.,Factura,Monitor LED,,,,Pesos Argentinos,10,4520,0,45200,45200
8/1/2019,8/1/2019,A-0021-00528163,Rannochia S.R.L,Factura,Mercaderia de Reventa,,,,Pesos Argentinos,20,1500,0,30000,30000
3/1/2019,3/1/2019,A-0001-00001557,Worken SRL,Factura,Servicios de Correo Internacional,,,,Pesos Argentinos,1,35700,0,35700,35700
3/1/2019,3/1/2019,A-0001-00001557,Worken SRL,Factura,Servicios de Internet,,,,Pesos Argentinos,1,9679,0,9679,9679
23/12/2018,23/12/2018,A-1001-15500158,Rannochia S.R.L,Factura,Marketing y Publicidad,,,,Pesos Argentinos,1,50890,0,50890,50890
17/12/2018,17/12/2018,A-2388-05163324,Teléfonos S.A.,Factura,Servicios de Internet,,,,Pesos Argentinos,3,3580,0,10740,10740
16/12/2018,16/12/2018,A-0155-02155005,Vixen S.A.,Factura,Proveedor de Servicios Freelance,,,,Pesos Argentinos,1,45150,0,45150,45150
14/12/2018,14/12/2018,A-0012-00000158,Ledesma S.A.I.C,Factura,Honorarios abogados,,,,Pesos Argentinos,1,15000,0,15000,15000
3/12/2018,3/12/2018,A-0109-00001400,Estrada S.A.,Factura,Mercadería,,,,Pesos Argentinos,10,595,0,5950,5950
3/12/2018,3/12/2018,A-0109-00001400,Estrada S.A.,Factura,Proveedor de Servicios Freelance,,,,Pesos Argentinos,1,2500,0,2500,2500
1/12/2018,1/12/2018,C-0011-00000158,Gabriel Castro,Factura,Servicios de Correo Internacional,,,,Pesos Argentinos,1,250,0,250,250
10/11/2018,10/11/2018,A-0025-00015844,Vixen S.A.,Factura,Cable RGB para video,,,,Pesos Argentinos,100,50,0,5000,5000
3/11/2018,3/11/2018,A-0135-00158840,Worken SRL,Factura,Televisor Led Samsung 32  Hd Con Soporte Y Control,,,,Pesos Argentinos,10,8600,0,86000,86000
1/11/2018,1/11/2018,A-0065-00005887,Kasiu S.A.,Factura,Mercadería,,,,Pesos Argentinos,25,5000,0,125000,125000
20/10/2018,20/10/2018,A-0230-00052800,Hipermax S.A.,Factura,Alquiler Oficina,,,,Pesos Argentinos,1,72500,0,72500,72500
15/10/2018,15/10/2018,A-0018-02551347,Worken SRL,Factura,Muebles de Oficina,,,,Pesos Argentinos,3,5800,0,17400,17400
5/10/2018,5/10/2018,A-0011-00000115,Dunas S.A.,Factura,Mercaderia de Reventa,,,,Pesos Argentinos,450,235,0,105750,105750
3/10/2018,3/10/2018,A-0012-00001632,Palacios y Asociados,Factura,Insumos oficina,,,,Pesos Argentinos,40,110,0,4400,4400
30/9/2018,30/9/2018,A-0001-00100011,Ledesma S.A.I.C,Factura,Muebles de Oficina,,,,Pesos Argentinos,1,20750,0,20750,20750
21/9/2018,21/9/2018,A-0001-00068820,Palacios y Asociados,Factura,Honorarios,,,,Pesos Argentinos,1,57055,0,57055,57055
6/9/2018,6/9/2018,A-0227-05536002,Teléfonos S.A.,Factura,Telefonia Celular,,,,Pesos Argentinos,1,27000,0,27000,27000
19/7/2018,19/7/2018,A-0008-55484996,Mirvan S.A.,Factura,Monitores,,,,Pesos Argentinos,4,1500,0,6000,6000
8/7/2018,8/7/2018,A-4567-78945612,Hipermax S.A.,Factura,Materia Prima Importada,,,,Pesos Argentinos,1,6000,0,6000,6000
18/6/2018,18/6/2018,A-0004-23212321,Ignacio Gimenez,Factura,PC,,,,Pesos Argentinos,5,3100,0,15500,15500
1/6/2018,1/6/2018,A-1233-21223231,Gabriel Castro,Factura,Insumos Administrativos,,,,Pesos Argentinos,1,28000,0,28000,28000
31/5/2018,31/5/2018,A-1234-00000010,Jonamex S.A.,Factura,Insumos oficina,,,,Pesos Argentinos,1,3500,0,3500,3500
28/5/2018,28/5/2018,A-1223-23333423,Garcia Hnos S.A.,Factura,Proveedor de Servicios Freelance,,,,Pesos Argentinos,1,30000,0,30000,30000
4/5/2018,4/5/2018,55487789998855251518,Estrada S.A.,Otros Comprobantes,PC,Despacho 1332123 - Origen Taiwan,,,Dólares,1,2000,0,2000,36000
19/4/2018,19/4/2018,A-1232-31243234,Gonzalez y Asociados SA,Factura,Servicios de Internet,,,,Pesos Argentinos,1,3500,0,3500,3500
1/4/2018,1/4/2018,A-4558-44542454,TelMax,Factura,PC,,,,Pesos Argentinos,1,12000,0,12000,12000
18/2/2018,18/2/2018,A-1232-22321232,Mirvan S.A.,Factura,Muebles de Oficina,,,,Pesos Argentinos,1,9000,0,9000,9000
1/2/2018,1/2/2018,A-0002-32122232,Jonamex S.A.,Factura,Insumos Administrativos,,,,Pesos Argentinos,1,12000,0,12000,12000
31/1/2018,31/1/2018,A-4464-54565466,Estrada S.A.,Factura,Diarios y Revistas,,,,Pesos Argentinos,50,500,0,25000,25000
31/1/2018,31/1/2018,A-1646-46546464,Crater S.R.L,Factura,Honorarios,,,,Pesos Argentinos,1,20000,0,20000,20000
31/12/2017,31/12/2017,A-0004-95555655,Dunas S.A.,Factura,Honorarios,,,,Pesos Argentinos,1,30000,0,30000,30000
31/12/2017,31/12/2017,A-4454-64646544,Estrada S.A.,Factura,Marketing y Publicidad,,,,Pesos Argentinos,1,10000,0,10000,10000
31/12/2017,31/12/2017,A-0001-56445665,Altos del Sur S.H.,Factura,Insumos oficina,,,,Pesos Argentinos,50,200,0,10000,10000
30/11/2017,30/11/2017,C-0002-45446554,Ignacio Gimenez,Factura,Alquiler Oficina,,,,Pesos Argentinos,1,25000,0,25000,25000
30/11/2017,30/11/2017,A-5655-65656565,Interactive S.A.,Factura,Insumos oficina,,,,Pesos Argentinos,50,200,0,10000,10000
30/11/2017,30/11/2017,A-0002-46545654,Gonzalez y Asociados SA,Factura,Servicios de Internet,,,,Pesos Argentinos,1,8000,0,8000,8000
31/10/2017,31/10/2017,A-0005-85445544,Estrada S.A.,Factura,Insumos oficina,,,,Pesos Argentinos,50,500,0,25000,25000
31/10/2017,31/10/2017,A-0004-45465465,Crater S.R.L,Factura,Alquiler Oficina,,,,Pesos Argentinos,1,20000,0,20000,20000
30/9/2017,30/9/2017,A-0004-55612322,Vixen S.A.,Factura,Diarios y Revistas,,,,Pesos Argentinos,1,20000,0,20000,20000
30/9/2017,30/9/2017,A-5494-56455445,Crater S.R.L,Factura,Alquiler Oficina,,,,Pesos Argentinos,1,10000,0,10000,10000
30/9/2017,30/9/2017,A-6556-44554654,Gonzalez y Asociados SA,Factura,Servicios de Internet,,,,Pesos Argentinos,1,2500,0,2500,2500
18/8/2017,18/8/2017,A-0002-00001150,Gabriel Castro,Factura,Televisor Led Samsung 32  Hd Con Soporte Y Control,,,,Pesos Argentinos,3,1500,0,4500,4500
15/8/2017,15/8/2017,A-0002-00006235,Crater S.R.L,Factura,Marketing y Publicidad,,,,Pesos Argentinos,1,15000,0,15000,15000
4/8/2017,4/8/2017,C-0001-00001356,Jose Torrente,Factura,Alquiler Oficina,,,,Pesos Argentinos,1,9250,0,9250,9250
15/7/2017,15/7/2017,A-0003-00000230,Palacios y Asociados,Factura,Honorarios abogados,,,,Pesos Argentinos,1,15000,0,15000,15000
10/7/2017,10/7/2017,A-0001-00000132,Bahia S.A.,Factura,Marketing y Publicidad,,,,Pesos Argentinos,1,3000,0,3000,3000
4/7/2017,4/7/2017,A-0002-00004532,Estrada S.A.,Factura,Diarios y Revistas,,,,Pesos Argentinos,1,2500,0,2500,2500
3/7/2017,3/7/2017,C-0001-00001250,Jose Torrente,Factura,Alquiler Oficina,,,,Pesos Argentinos,1,8500,0,8500,8500
10/6/2017,10/6/2017,A-0002-00001123,Gabriel Castro,Factura,Televisor Led Samsung 32  Hd Con Soporte Y Control,,,,Pesos Argentinos,5,4500,0,22500,22500
6/6/2017,6/6/2017,A-0002-00052001,Hipermax S.A.,Factura,Refrigerios,,,,Pesos Argentinos,1,1300,0,1300,1300
5/6/2017,5/6/2017,C-0001-00001211,Jose Torrente,Factura,Alquiler Oficina,,,,Pesos Argentinos,1,8500,0,8500,8500
9/5/2017,9/5/2017,A-0003-00000061,Palacios y Asociados,Factura,Honorarios abogados,,,,Pesos Argentinos,1,9700,0,9700,9700
9/5/2017,9/5/2017,C-0001-00001106,Jose Torrente,Factura,Alquiler Oficina,,,,Pesos Argentinos,1,8500,0,8500,8500
7/5/2017,7/5/2017,A-0002-00001163,Gabriel Castro,Factura,Consultoria,,,,Pesos Argentinos,1,5300,0,5300,5300
3/5/2017,3/5/2017,A-0003-00000703,Kasiu S.A.,Factura,Control Remoto,,,,Pesos Argentinos,5,1500,0,7500,7500
15/4/2017,15/4/2017,A-0003-00000845,Mirvan S.A.,Factura,Monitores,,,,Pesos Argentinos,5,3000,0,15000,15000
10/4/2017,10/4/2017,A-0002-00004026,Estrada S.A.,Factura,Diarios y Revistas,,,,Pesos Argentinos,1,5000,0,5000,5000
9/4/2017,9/4/2017,A-0002-00050156,Hipermax S.A.,Factura,Refrigerios,,,,Pesos Argentinos,1,1600,0,1600,1600
3/4/2017,3/4/2017,C-0001-00001096,Jose Torrente,Factura,Alquiler Oficina,,,,Pesos Argentinos,1,8500,0,8500,8500
17/3/2017,17/3/2017,A-0002-00001023,Gabriel Castro,Factura,Monitores,,,,Pesos Argentinos,5,2500,0,12500,12500
17/3/2017,17/3/2017,A-0001-00000093,Bahia S.A.,Factura,Marketing y Publicidad,,,,Pesos Argentinos,1,7000,0,7000,7000
10/3/2017,10/3/2017,A-0001-00091023,Teléfonos S.A.,Factura,Telefonia Fija,,,,Pesos Argentinos,1,1050,0,1050,1050
6/3/2017,6/3/2017,A-0002-00049261,Hipermax S.A.,Factura,Refrigerios,,,,Pesos Argentinos,1,1300,0,1300,1300
5/3/2017,5/3/2017,C-0001-00001030,Jose Torrente,Factura,Alquiler Oficina,,,,Pesos Argentinos,1,8500,0,8500,8500
28/2/2017,28/2/2017,A-0002-00003223,Estrada S.A.,Factura,Diarios y Revistas,,,,Pesos Argentinos,1,5000,0,5000,5000
17/2/2017,17/2/2017,A-0002-00000533,Interactive S.A.,Factura,Consultoria,,,,Pesos Argentinos,1,2200,0,2200,2200
10/2/2017,10/2/2017,A-0002-00005442,Crater S.R.L,Factura,Marketing y Publicidad,,,,Pesos Argentinos,1,13000,0,13000,13000
1/2/2017,1/2/2017,A-0003-00000958,Dunas S.A.,Factura,Impresora Multifuncion ,,,,Pesos Argentinos,4,2500,0,10000,10000
17/1/2017,17/1/2017,A-0002-00004692,Fuxer S.R.L,Factura,Monitores,,,,Pesos Argentinos,1,4300,0,4300,4300
17/1/2017,17/1/2017,A-0002-00004692,Fuxer S.R.L,Factura,Parlantes para PC,,,,Pesos Argentinos,2,1000,0,2000,2000
11/1/2017,11/1/2017,A-0002-00000235,Crater S.R.L,Factura,Honorarios,,,,Pesos Argentinos,1,7600,0,7600,7600
11/1/2017,11/1/2017,A-0002-00045163,Hipermax S.A.,Factura,Refrigerios,,,,Pesos Argentinos,1,2000,0,2000,2000
10/1/2017,10/1/2017,A-0003-00000654,Kasiu S.A.,Factura,Impresora Multifuncion ,,,,Pesos Argentinos,2,2000,0,4000,4000
6/1/2017,6/1/2017,C-0001-00000930,Jose Torrente,Factura,Alquiler Oficina,,,,Pesos Argentinos,1,7200,0,7200,7200
6/1/2017,6/1/2017,A-0002-00002315,Jonamex S.A.,Factura,Insumos Administrativos,,,,Pesos Argentinos,1,2500,0,2500,2500
6/1/2017,6/1/2017,A-0001-00090064,Teléfonos S.A.,Factura,Telefonia Fija,,,,Pesos Argentinos,1,850,0,850,850
20/12/2016,20/12/2016,A-0003-00000830,Mirvan S.A.,Factura,Mouse,,,,Pesos Argentinos,6,300,0,1800,1800
18/12/2016,18/12/2016,A-0002-00004666,Vixen S.A.,Factura,Mercaderia de Reventa,,,,Pesos Argentinos,2,630,0,1260,1260
17/12/2016,17/12/2016,A-0002-00000816,Gabriel Castro,Factura,Honorarios abogados,,,,Pesos Argentinos,1,9300,0,9300,9300
11/12/2016,11/12/2016,C-0001-00000903,Jose Torrente,Factura,Alquiler Oficina,,,,Pesos Argentinos,1,7200,0,7200,7200
11/12/2016,11/12/2016,A-0001-00049015,Teléfonos S.A.,Factura,Telefonia Fija,,,,Pesos Argentinos,1,815,0,815,815
3/12/2016,3/12/2016,A-0002-00003654,Ledesma S.A.I.C,Factura,Resmas,,,,Pesos Argentinos,10,300,0,3000,3000
24/11/2016,24/11/2016,A-0001-00000065,Bahia S.A.,Factura,Proveedor de Servicios Freelance,,,,Pesos Argentinos,1,7300,0,7300,7300
19/11/2016,19/11/2016,A-0002-00003516,Fuxer S.R.L,Factura,Parlantes para PC,,,,Pesos Argentinos,5,700,0,3500,3500
17/11/2016,17/11/2016,A-0002-00006548,Interactive S.A.,Factura,Insumos Administrativos,,,,Pesos Argentinos,1,3000,0,3000,3000
15/11/2016,15/11/2016,A-0002-00041531,Hipermax S.A.,Factura,Insumos oficina,,,,Pesos Argentinos,1,2600,0,2600,2600
10/11/2016,10/11/2016,A-0001-00046064,Teléfonos S.A.,Factura,Telefonia Fija,,,,Pesos Argentinos,1,795,0,795,795
5/11/2016,5/11/2016,C-0001-00000873,Jose Torrente,Factura,Alquiler Oficina,,,,Pesos Argentinos,1,7200,0,7200,7200
25/10/2016,25/10/2016,A-0002-00006451,Vixen S.A.,Factura,Materia Prima Importada,,,,Pesos Argentinos,5,150,0,750,750
20/10/2016,20/10/2016,A-0003-00000820,Ignacio Gimenez,Factura,Monitores,,,,Pesos Argentinos,7,2000,0,14000,14000
15/10/2016,15/10/2016,A-0002-00000460,Estrada S.A.,Factura,Diarios y Revistas,,,,Pesos Argentinos,1,1000,0,1000,1000
11/10/2016,11/10/2016,C-0001-00000830,Jose Torrente,Factura,Alquiler Oficina,,,,Pesos Argentinos,1,6500,0,6500,6500
6/10/2016,6/10/2016,A-0001-00041206,Teléfonos S.A.,Factura,Telefonia Fija,,,,Pesos Argentinos,1,760,0,760,760
5/10/2016,5/10/2016,A-0003-00056789,Gonzalez y Asociados SA,Factura,Servicios de Internet,,,,Pesos Argentinos,1,840,0,840,840
13/9/2016,13/9/2016,A-0002-00000790,Gabriel Castro,Factura,Honorarios abogados,,,,Pesos Argentinos,1,5000,0,5000,5000
11/9/2016,11/9/2016,A-0002-00001963,Jonamex S.A.,Factura,Insumos Administrativos,,,,Pesos Argentinos,5,1052,0,5260,5260
11/9/2016,11/9/2016,A-0002-00001963,Jonamex S.A.,Factura,Insumos oficina,,,,Pesos Argentinos,6,160,0,960,960
11/9/2016,11/9/2016,A-0001-00036594,Teléfonos S.A.,Factura,Telefonia Fija,,,,Pesos Argentinos,1,760,0,760,760
7/9/2016,7/9/2016,A-0003-00053005,Gonzalez y Asociados SA,Factura,Servicios de Internet,,,,Pesos Argentinos,1,840,0,840,840
6/9/2016,6/9/2016,A-0003-00000646,TelMax,Factura,Monitores,,,,Pesos Argentinos,2,1300,0,2600,2600
2/9/2016,2/9/2016,C-0001-00000690,Jose Torrente,Factura,Alquiler Oficina,,,,Pesos Argentinos,1,6500,0,6500,6500
8/8/2016,8/8/2016,A-0002-00000658,Gabriel Castro,Factura,Honorarios abogados,,,,Pesos Argentinos,1,5000,0,5000,5000
5/8/2016,5/8/2016,A-0003-00000720,Mirvan S.A.,Factura,Impresora Multifuncion ,,,,Pesos Argentinos,4,930,0,3720,3720
4/8/2016,4/8/2016,A-0001-00031368,Teléfonos S.A.,Factura,Telefonia Fija,,,,Pesos Argentinos,1,760,0,760,760
2/8/2016,2/8/2016,C-0001-00000620,Jose Torrente,Factura,Alquiler Oficina,,,,Pesos Argentinos,1,6500,0,6500,6500
2/8/2016,2/8/2016,A-0003-00051006,Gonzalez y Asociados SA,Factura,Servicios de Internet,,,,Pesos Argentinos,1,840,0,840,840
1/8/2016,1/8/2016,A-0002-00000252,Dunas S.A.,Factura,Mercaderia de Reventa,,,,Pesos Argentinos,10,590,0,5900,5900
18/7/2016,18/7/2016,A-0002-00000539,Gabriel Castro,Factura,PC,,,,Pesos Argentinos,1,3000,0,3000,3000
18/7/2016,18/7/2016,A-0002-00000539,Gabriel Castro,Factura,Materia Prima Importada,,,,Pesos Argentinos,10,100,0,1000,1000
15/7/2016,15/7/2016,A-0002-00001865,Jonamex S.A.,Factura,Insumos Administrativos,,,,Pesos Argentinos,1,2600,0,2600,2600
10/7/2016,10/7/2016,A-0001-00025658,Teléfonos S.A.,Factura,Telefonia Fija,,,,Pesos Argentinos,1,760,0,760,760
9/7/2016,9/7/2016,A-0003-00000631,Ignacio Gimenez,Factura,Monitores,,,,Pesos Argentinos,3,2000,0,6000,6000
6/7/2016,6/7/2016,A-0003-00049615,Gonzalez y Asociados SA,Factura,Servicios de Internet,,,,Pesos Argentinos,1,840,0,840,840
5/7/2016,5/7/2016,C-0001-00000562,Jose Torrente,Factura,Alquiler Oficina,,,,Pesos Argentinos,1,6500,0,6500,6500
25/6/2016,25/6/2016,A-0002-00000480,Gabriel Castro,Factura,PC,,,,Pesos Argentinos,1,3000,0,3000,3000
18/6/2016,18/6/2016,A-0002-00000349,Rannochia S.R.L,Factura,Insumos oficina,,,,Pesos Argentinos,10,150,0,1500,1500
16/6/2016,16/6/2016,A-0003-00048126,Gonzalez y Asociados SA,Factura,Servicios de Internet,,,,Pesos Argentinos,1,800,0,800,800
13/6/2016,13/6/2016,A-0001-00098245,Teléfonos S.A.,Factura,Telefonia Fija,,,,Pesos Argentinos,1,600,0,600,600
9/6/2016,9/6/2016,A-0002-00000105,Dunas S.A.,Factura,Mercaderia de Reventa,,,,Pesos Argentinos,3,3000,0,9000,9000
6/6/2016,6/6/2016,C-0001-00000501,Jose Torrente,Factura,Alquiler Oficina,,,,Pesos Argentinos,1,6000,0,6000,6000
16/5/2016,16/5/2016,A-0003-00000015,Garcia Hnos S.A.,Factura,Marketing y Publicidad,,,,Pesos Argentinos,1,4600,0,4600,4600
16/5/2016,16/5/2016,A-0002-00000356,Estrada S.A.,Factura,Diarios y Revistas,,,,Pesos Argentinos,1,1300,0,1300,1300
15/5/2016,15/5/2016,A-0003-00047161,Gonzalez y Asociados SA,Factura,Servicios de Internet,,,,Pesos Argentinos,1,840,0,840,840
12/5/2016,12/5/2016,A-0001-00023598,Teléfonos S.A.,Factura,Telefonia Fija,,,,Pesos Argentinos,1,600,0,600,600
10/5/2016,10/5/2016,A-0003-00000064,Palacios y Asociados,Factura,Impresora Multifuncion ,,,,Pesos Argentinos,3,2150,0,6450,6450
10/5/2016,10/5/2016,A-0003-00000730,Mirvan S.A.,Factura,Mouse,,,,Pesos Argentinos,5,100,0,500,500
10/5/2016,10/5/2016,A-0003-00000730,Mirvan S.A.,Factura,Parlantes para PC,,,,Pesos Argentinos,3,150,0,450,450
7/5/2016,7/5/2016,C-0001-00000490,Jose Torrente,Factura,Alquiler Oficina,,,,Pesos Argentinos,1,6000,0,6000,6000
18/4/2016,18/4/2016,A-0003-00000056,Palacios y Asociados,Factura,Impresora Multifuncion ,,,,Pesos Argentinos,3,2000,0,6000,6000
16/4/2016,16/4/2016,A-0003-00000596,Ignacio Gimenez,Factura,Monitores,,,,Pesos Argentinos,2,2000,0,4000,4000
16/4/2016,16/4/2016,A-0003-00000596,Ignacio Gimenez,Factura,Mouse,,,,Pesos Argentinos,2,160,0,320,320
10/4/2016,10/4/2016,A-0002-00032213,Hipermax S.A.,Factura,Insumos oficina,,,,Pesos Argentinos,1,3000,0,3000,3000
10/4/2016,10/4/2016,A-0003-00046411,Gonzalez y Asociados SA,Factura,Servicios de Internet,,,,Pesos Argentinos,1,840,0,840,840
10/4/2016,10/4/2016,A-0001-00095454,Teléfonos S.A.,Factura,Telefonia Fija,,,,Pesos Argentinos,1,600,0,600,600
6/4/2016,6/4/2016,C-0001-00000460,Jose Torrente,Factura,Alquiler Oficina,,,,Pesos Argentinos,1,6000,0,6000,6000
21/3/2016,21/3/2016,A-0002-00000156,Crater S.R.L,Factura,Honorarios abogados,,,,Pesos Argentinos,1,5600,0,5600,5600
10/3/2016,10/3/2016,A-0003-00000486,Ignacio Gimenez,Factura,Impresora Multifuncion ,,,,Pesos Argentinos,5,800,0,4000,4000
10/3/2016,10/3/2016,A-0003-00000486,Ignacio Gimenez,Factura,Mouse,,,,Pesos Argentinos,20,100,0,2000,2000
10/3/2016,10/3/2016,A-0003-00000486,Ignacio Gimenez,Factura,Teclado,,,,Pesos Argentinos,3,130,0,390,390
7/3/2016,7/3/2016,A-0001-00008632,Teléfonos S.A.,Factura,Telefonia Fija,,,,Pesos Argentinos,1,600,0,600,600
5/3/2016,5/3/2016,C-0001-00000430,Jose Torrente,Factura,Alquiler Oficina,,,,Pesos Argentinos,1,6000,0,6000,6000
5/3/2016,5/3/2016,A-0003-00046011,Gonzalez y Asociados SA,Factura,Servicios de Internet,,,,Pesos Argentinos,1,840,0,840,840
17/2/2016,17/2/2016,A-0002-00000245,Rannochia S.R.L,Factura,Marketing y Publicidad,,,,Pesos Argentinos,1,4620,0,4620,4620
15/2/2016,15/2/2016,A-0003-00000234,Ignacio Gimenez,Factura,Monitores,,,,Pesos Argentinos,2,3000,0,6000,6000
13/2/2016,13/2/2016,A-0002-00002565,Fuxer S.R.L,Factura,Insumos Administrativos,,,,Pesos Argentinos,1,3650,0,3650,3650
8/2/2016,8/2/2016,A-0001-00006689,Teléfonos S.A.,Factura,Telefonia Fija,,,,Pesos Argentinos,1,570,0,570,570
5/2/2016,5/2/2016,C-0001-00000397,Jose Torrente,Factura,Alquiler Oficina,,,,Pesos Argentinos,1,5600,0,5600,5600
4/2/2016,4/2/2016,A-0003-00045985,Gonzalez y Asociados SA,Factura,Servicios de Internet,,,,Pesos Argentinos,1,840,0,840,840
21/1/2016,21/1/2016,A-0002-00000266,Estrada S.A.,Factura,Servicios de Correo Internacional,,,,Pesos Argentinos,1,1200,0,1200,1200
17/1/2016,17/1/2016,A-0003-00000654,Mirvan S.A.,Factura,Monitores,,,,Pesos Argentinos,3,2600,0,7800,7800
17/1/2016,17/1/2016,A-0003-00000654,Mirvan S.A.,Factura,Materia Prima Importada,,,,Pesos Argentinos,2,230,0,460,460
17/1/2016,17/1/2016,A-0003-00000654,Mirvan S.A.,Factura,Mouse,,,,Pesos Argentinos,3,130,0,390,390
15/1/2016,15/1/2016,A-0002-00015674,Hipermax S.A.,Factura,Insumos oficina,,,,Pesos Argentinos,1,3500,0,3500,3500
7/1/2016,7/1/2016,A-0001-00007891,Teléfonos S.A.,Factura,Telefonia Fija,,,,Pesos Argentinos,1,563,0,563,563
6/1/2016,6/1/2016,A-0003-00042568,Gonzalez y Asociados SA,Factura,Servicios de Internet,,,,Pesos Argentinos,1,840,0,840,840
5/1/2016,5/1/2016,C-0001-00000352,Jose Torrente,Factura,Alquiler Oficina,,,,Pesos Argentinos,1,5600,0,5600,5600
21/12/2015,21/12/2015,B-0002-00000052,Palacios y Asociados,Factura,Honorarios abogados,,,,Pesos Argentinos,1,5300,0,5300,5300
13/12/2015,13/12/2015,A-0002-00000135,Gabriel Castro,Factura,Monitores,,,,Pesos Argentinos,2,2600,0,5200,5200
13/12/2015,13/12/2015,A-0002-00000135,Gabriel Castro,Factura,Mercaderia de Reventa,,,,Pesos Argentinos,10,160,0,1600,1600
13/12/2015,13/12/2015,A-0003-00000256,Ledesma S.A.I.C,Factura,Resmas,,,,Pesos Argentinos,15,30,0,450,450
10/12/2015,10/12/2015,A-0001-00005689,Teléfonos S.A.,Factura,Telefonia Fija,,,,Pesos Argentinos,1,500,0,500,500
5/12/2015,5/12/2015,A-0003-00038915,Gonzalez y Asociados SA,Factura,Servicios de Internet,,,,Pesos Argentinos,1,800,0,800,800
3/12/2015,3/12/2015,C-0001-00000312,Jose Torrente,Factura,Alquiler Oficina,,,,Pesos Argentinos,1,5600,0,5600,5600
10/11/2015,10/11/2015,A-0001-00000126,Garcia Hnos S.A.,Factura,Monitores,,,,Pesos Argentinos,2,2500,0,5000,5000
10/11/2015,10/11/2015,A-0001-00000126,Garcia Hnos S.A.,Factura,Impresora Multifuncion ,,,,Pesos Argentinos,3,860,0,2580,2580
10/11/2015,10/11/2015,A-0001-00000126,Garcia Hnos S.A.,Factura,Insumos Administrativos,,,,Pesos Argentinos,2,300,0,600,600
6/11/2015,6/11/2015,A-0002-00004568,Hipermax S.A.,Factura,Insumos oficina,,,,Pesos Argentinos,1,3000,0,3000,3000
5/11/2015,5/11/2015,C-0001-00000205,Jose Torrente,Factura,Alquiler Oficina,,,,Pesos Argentinos,1,5000,0,5000,5000
5/11/2015,5/11/2015,A-0001-00004025,Teléfonos S.A.,Factura,Telefonia Fija,,,,Pesos Argentinos,1,350,0,350,350
2/11/2015,2/11/2015,A-0003-00035687,Gonzalez y Asociados SA,Factura,Servicios de Internet,,,,Pesos Argentinos,1,600,0,600,600
6/10/2015,6/10/2015,A-0003-00033965,Gonzalez y Asociados SA,Factura,Servicios de Internet,,,,Pesos Argentinos,1,600,0,600,600
4/10/2015,4/10/2015,A-0001-00000301,ISP Canopler y Asoc.,Factura,Monitores,,,,Pesos Argentinos,5,1050,0,5250,5250
4/10/2015,4/10/2015,C-0001-00000160,Jose Torrente,Factura,Alquiler Oficina,,,,Pesos Argentinos,1,5000,0,5000,5000
1/10/2015,1/10/2015,A-0001-00003065,Teléfonos S.A.,Factura,Telefonia Fija,,,,Pesos Argentinos,1,220,0,220,220
16/9/2015,16/9/2015,M-0001-00000466,Gabriel Castro,Factura,Honorarios abogados,,,,Pesos Argentinos,1,6000,0,6000,6000
14/9/2015,14/9/2015,X-0003-00026168,Gonzalez y Asociados SA,Factura,Servicios de Internet,,,,Pesos Argentinos,1,600,0,600,600
10/9/2015,10/9/2015,A-0001-00002865,Teléfonos S.A.,Factura,Telefonia Fija,,,,Pesos Argentinos,1,220,0,220,220
4/9/2015,4/9/2015,C-0001-00000155,Jose Torrente,Factura,Alquiler Oficina,,,,Pesos Argentinos,1,5000,0,5000,5000
13/8/2015,13/8/2015,A-0001-00001487,Teléfonos S.A.,Factura,Telefonia Fija,,,,Pesos Argentinos,1,220,0,220,220
3/8/2015,3/8/2015,C-0001-00000140,Jose Torrente,Factura,Alquiler Oficina,,,,Pesos Argentinos,1,4500,0,4500,4500
3/8/2015,3/8/2015,A-0003-00022456,Gonzalez y Asociados SA,Factura,Servicios de Internet,,,,Pesos Argentinos,1,500,0,500,500
21/7/2015,21/7/2015,A-0002-00000258,Bahia S.A.,Factura,Diarios y Revistas,,,,Pesos Argentinos,15,17,0,255,255
9/7/2015,9/7/2015,A-0002-00058565,Gonzalez y Asociados SA,Factura,Servicios de Internet,,,,Pesos Argentinos,1,500,0,500,500
3/7/2015,3/7/2015,C-0001-00000120,Jose Torrente,Factura,Alquiler Oficina,,,,Pesos Argentinos,1,4500,0,4500,4500
25/6/2015,25/6/2015,A-0002-00002252,Vixen S.A.,Factura,Muebles de Oficina,Escritorio,,,Pesos Argentinos,2,1200,0,2400,2400
7/6/2015,7/6/2015,A-0002-00002356,Gonzalez y Asociados SA,Factura,Servicios de Internet,,,,Pesos Argentinos,1,500,0,500,500
3/6/2015,3/6/2015,C-0001-00000112,Jose Torrente,Factura,Alquiler Oficina,,,,Pesos Argentinos,1,4500,0,4500,4500
10/5/2015,10/5/2015,A-0002-00000255,Gabriel Castro,Factura,Honorarios abogados,,,,Pesos Argentinos,1,2500,0,2500,2500
4/5/2015,4/5/2015,C-0001-00000103,Jose Torrente,Factura,Alquiler Oficina,,,,Pesos Argentinos,1,4500,0,4500,4500
4/5/2015,4/5/2015,A-0002-00002841,Gonzalez y Asociados SA,Factura,Servicios de Internet,,,,Pesos Argentinos,1,460,0,460,460
9/4/2015,9/4/2015,A-0002-00000153,Bahia S.A.,Factura,Diarios y Revistas,,,,Pesos Argentinos,10,15,0,150,150
5/4/2015,5/4/2015,C-0001-00000086,Jose Torrente,Factura,Alquiler Oficina,,,,Pesos Argentinos,1,4500,0,4500,4500
19/3/2015,19/3/2015,A-0003-00003434,Ledesma S.A.I.C,Factura,Resmas,,,,Pesos Argentinos,3,60,0,180,180
4/3/2015,4/3/2015,C-0001-00000065,Jose Torrente,Factura,Alquiler Oficina,,,,Pesos Argentinos,1,4500,0,4500,4500
9/2/2015,9/2/2015,A-0001-00000256,ISP Canopler y Asoc.,Factura,Monitores,,,,Pesos Argentinos,25,950,0,23750,23750
9/2/2015,9/2/2015,A-0001-00000256,ISP Canopler y Asoc.,Factura,Parlantes para PC,,,,Pesos Argentinos,50,300,0,15000,15000
9/2/2015,9/2/2015,A-0001-00000256,ISP Canopler y Asoc.,Factura,Mouse,,,,Pesos Argentinos,50,200,0,10000,10000
2/2/2015,2/2/2015,C-0001-00000045,Jose Torrente,Factura,Alquiler Oficina,,,,Pesos Argentinos,1,4500,0,4500,4500
14/1/2015,14/1/2015,A-0002-00004558,Hipermax S.A.,Factura,Insumos oficina,,,,Pesos Argentinos,1,1058,0,1058,1058
